{
    "metadata": {
        "normals": 36,
        "generator": "io_three",
        "faces": 96,
        "vertices": 130,
        "version": 3,
        "type": "Geometry",
        "materials": 1,
        "uvs": 0
    },
    "name": "upperArmRod_meshGeometry",
    "vertices": [0,-0.001248,0,0,-0.001248,-1.19078,0,11.1748,-1.19078,0.232309,-0.001248,-1.16789,0.232309,11.1748,-1.1679,0.45569,-0.001248,-1.10013,0.45569,11.1748,-1.10013,0.661559,-0.001248,-0.990094,0.661559,11.1748,-0.990094,0.842006,-0.001248,-0.842006,0.842006,11.1748,-0.842006,0.990094,-0.001248,-0.661559,0.990094,11.1748,-0.66156,1.10013,-0.001248,-0.45569,1.10013,11.1748,-0.455691,1.16789,-0.001248,-0.232309,1.16789,11.1748,-0.232309,1.19078,-0.001248,-0,1.19078,11.1748,-1e-06,1.16789,-0.001248,0.232309,1.16789,11.1748,0.232308,1.10013,-0.001248,0.45569,1.10013,11.1748,0.455689,0.990094,-0.001248,0.661559,0.990094,11.1748,0.661559,0.842006,-0.001248,0.842006,0.842006,11.1748,0.842005,0.661559,-0.001248,0.990094,0.661559,11.1748,0.990093,0.45569,-0.001248,1.10013,0.45569,11.1748,1.10013,0.232309,-0.001248,1.16789,0.232309,11.1748,1.16789,-0,-0.001248,1.19078,-0,11.1748,1.19077,-0.232309,-0.001248,1.16789,-0.232309,11.1748,1.16789,-0.455691,-0.001248,1.10013,-0.455691,11.1748,1.10013,-0.66156,-0.001248,0.990093,-0.66156,11.1748,0.990093,-0.842006,-0.001248,0.842005,-0.842006,11.1748,0.842004,-0.990094,-0.001248,0.661559,-0.990094,11.1748,0.661558,-1.10013,-0.001248,0.455689,-1.10013,11.1748,0.455689,-1.16789,-0.001248,0.232308,-1.16789,11.1748,0.232307,-1.19078,-0.001248,-1e-06,-1.19078,11.1748,-2e-06,-1.16789,-0.001248,-0.23231,-1.16789,11.1748,-0.232311,-1.10013,-0.001248,-0.455691,-1.10013,11.1748,-0.455692,-0.990093,-0.001248,-0.661561,-0.990093,11.1748,-0.661561,-0.842004,-0.001248,-0.842007,-0.842004,11.1748,-0.842007,-0.661558,-0.001248,-0.990095,-0.661558,11.1748,-0.990095,-0.455689,-0.001248,-1.10013,-0.455689,11.1748,-1.10013,-0.232307,-0.001248,-1.1679,-0.232307,11.1748,-1.1679,0,11.1748,-1e-06,0,-0.001248,-1.19078,0.232309,-0.001248,-1.16789,0.232309,11.1748,-1.1679,0,11.1748,-1.19078,0.45569,-0.001248,-1.10013,0.45569,11.1748,-1.10013,0.661559,-0.001248,-0.990094,0.661559,11.1748,-0.990094,0.842006,-0.001248,-0.842006,0.842006,11.1748,-0.842006,0.990094,-0.001248,-0.661559,0.990094,11.1748,-0.66156,1.10013,-0.001248,-0.45569,1.10013,11.1748,-0.455691,1.16789,-0.001248,-0.232309,1.16789,11.1748,-0.232309,1.19078,-0.001248,-0,1.19078,11.1748,-1e-06,1.16789,-0.001248,0.232309,1.16789,11.1748,0.232308,1.10013,-0.001248,0.45569,1.10013,11.1748,0.455689,0.990094,-0.001248,0.661559,0.990094,11.1748,0.661559,0.842006,-0.001248,0.842006,0.842006,11.1748,0.842005,0.661559,-0.001248,0.990094,0.661559,11.1748,0.990093,0.45569,-0.001248,1.10013,0.45569,11.1748,1.10013,0.232309,-0.001248,1.16789,0.232309,11.1748,1.16789,-0,-0.001248,1.19078,-0,11.1748,1.19077,-0.232309,-0.001248,1.16789,-0.232309,11.1748,1.16789,-0.455691,-0.001248,1.10013,-0.455691,11.1748,1.10013,-0.66156,-0.001248,0.990093,-0.66156,11.1748,0.990093,-0.842006,-0.001248,0.842005,-0.842006,11.1748,0.842004,-0.990094,-0.001248,0.661559,-0.990094,11.1748,0.661558,-1.10013,-0.001248,0.455689,-1.10013,11.1748,0.455689,-1.16789,-0.001248,0.232308,-1.16789,11.1748,0.232307,-1.19078,-0.001248,-1e-06,-1.19078,11.1748,-2e-06,-1.16789,-0.001248,-0.23231,-1.16789,11.1748,-0.232311,-1.10013,-0.001248,-0.455691,-1.10013,11.1748,-0.455692,-0.990093,-0.001248,-0.661561,-0.990093,11.1748,-0.661561,-0.842004,-0.001248,-0.842007,-0.842004,11.1748,-0.842007,-0.661558,-0.001248,-0.990095,-0.661558,11.1748,-0.990095,-0.455689,-0.001248,-1.10013,-0.455689,11.1748,-1.10013,-0.232307,-0.001248,-1.1679,-0.232307,11.1748,-1.1679],
    "faces": [34,0,66,67,0,0,0,0,35,1,69,68,3,0,1,1,2,2,34,0,67,70,0,0,0,3,35,3,68,71,5,0,2,2,4,4,34,0,70,72,0,0,3,0,35,5,71,73,7,0,4,4,5,5,34,0,72,74,0,0,0,3,35,7,73,75,9,0,5,5,6,6,34,0,74,76,0,0,3,0,35,9,75,77,11,0,6,6,7,7,34,0,76,78,0,0,0,0,35,11,77,79,13,0,7,7,8,8,34,0,78,80,0,0,0,0,35,13,79,81,15,0,8,8,9,9,34,0,80,82,0,0,0,0,35,15,81,83,17,0,9,9,10,10,34,0,82,84,0,0,0,3,35,17,83,85,19,0,10,10,11,11,34,0,84,86,0,0,3,0,35,19,85,87,21,0,11,11,12,12,34,0,86,88,0,0,0,0,35,21,87,89,23,0,12,12,13,13,34,0,88,90,0,0,0,3,35,23,89,91,25,0,13,13,14,14,34,0,90,92,0,0,3,0,35,25,91,93,27,0,14,14,15,15,34,0,92,94,0,0,0,0,35,27,93,95,29,0,15,15,16,16,34,0,94,96,0,0,0,0,35,29,95,97,31,0,16,16,17,17,34,0,96,98,0,0,0,0,35,31,97,99,33,0,17,17,18,18,34,0,98,100,0,0,0,3,35,33,99,101,35,0,18,18,19,19,34,0,100,102,0,0,3,0,35,35,101,103,37,0,19,19,20,20,34,0,102,104,0,0,0,0,35,37,103,105,39,0,20,20,21,21,34,0,104,106,0,0,0,3,35,39,105,107,41,0,21,21,22,22,34,0,106,108,0,0,3,0,35,41,107,109,43,0,22,22,23,23,34,0,108,110,0,0,0,3,35,43,109,111,45,0,23,23,24,24,34,0,110,112,0,0,3,0,35,45,111,113,47,0,24,24,25,25,34,0,112,114,0,0,0,0,35,47,113,115,49,0,25,25,26,26,34,0,114,116,0,0,0,3,35,49,115,117,51,0,26,26,27,27,34,0,116,118,0,0,3,0,35,51,117,119,53,0,27,27,28,28,34,0,118,120,0,0,0,0,35,53,119,121,55,0,28,28,29,29,34,0,120,122,0,0,0,0,35,55,121,123,57,0,29,29,30,30,34,0,122,124,0,0,0,0,35,57,123,125,59,0,30,30,31,31,34,0,124,126,0,0,0,3,35,59,125,127,61,0,31,31,32,32,34,0,126,128,0,0,3,0,35,61,127,129,63,0,32,32,33,33,34,0,128,66,0,0,0,0,35,63,129,69,1,0,33,33,1,1,34,54,52,65,0,34,35,35,34,12,10,65,0,34,35,35,34,40,38,65,0,34,34,35,34,52,50,65,0,35,35,35,34,6,4,65,0,35,34,35,34,4,2,65,0,34,34,35,34,46,44,65,0,35,34,35,34,50,48,65,0,35,34,35,34,2,64,65,0,34,34,35,34,36,34,65,0,35,34,35,34,38,36,65,0,34,35,35,34,24,22,65,0,34,34,35,34,32,30,65,0,34,35,35,34,64,62,65,0,34,35,35,34,18,16,65,0,34,34,35,34,26,24,65,0,35,34,35,34,10,8,65,0,35,34,35,34,60,58,65,0,34,34,35,34,16,14,65,0,34,34,35,34,44,42,65,0,34,35,35,34,20,18,65,0,35,34,35,34,30,28,65,0,35,34,35,34,58,56,65,0,34,34,35,34,34,32,65,0,34,34,35,34,14,12,65,0,34,34,35,34,48,46,65,0,34,35,35,34,28,26,65,0,34,35,35,34,8,6,65,0,34,35,35,34,22,20,65,0,34,35,35,34,62,60,65,0,35,34,35,34,56,54,65,0,34,34,35,34,42,40,65,0,35,34,35],
    "materials": [{
        "transparent": false,
        "wireframe": false,
        "DbgName": "grey",
        "colorSpecular": [0.3,0.3,0.3],
        "blending": "NormalBlending",
        "specularCoef": 20,
        "opacity": 1,
        "DbgColor": 15658734,
        "depthWrite": true,
        "colorAmbient": [0.609018,0.609018,0.609018],
        "DbgIndex": 0,
        "colorEmissive": [0,0,0],
        "depthTest": true,
        "colorDiffuse": [0.609018,0.609018,0.609018],
        "shading": "phong",
        "visible": true
    }],
    "normals": [0,-1,0,0,0,-0.999969,0.195074,0,-0.980773,0,-0.999969,0,0.382672,0,-0.923856,0.555559,0,-0.831446,0.707083,0,-0.707083,0.831446,0,-0.555559,0.923856,0,-0.382672,0.980773,0,-0.195074,1,0,0,0.980773,0,0.195074,0.923856,0,0.382672,0.831446,0,0.555559,0.707083,0,0.707083,0.555559,0,0.831446,0.382672,0,0.923856,0.195074,0,0.980773,0,0,1,-0.195074,0,0.980773,-0.382672,0,0.923856,-0.555559,0,0.831446,-0.707083,0,0.707083,-0.831446,0,0.555559,-0.923856,0,0.382672,-0.980773,0,0.195074,-1,0,0,-0.980773,0,-0.195074,-0.923856,0,-0.382672,-0.831446,0,-0.555559,-0.707083,0,-0.707083,-0.555559,0,-0.831446,-0.382672,0,-0.923856,-0.195074,0,-0.980773,0,1,0,0,0.999969,0],
    "uvs": []
}